-- ============================================================
-- Тестовые данные для Online Marketplace Database
-- ============================================================

-- 1. Города
INSERT INTO cities (name, region) VALUES
('Москва',          'Московская область'),
('Санкт-Петербург', 'Ленинградская область'),
('Новосибирск',     'Новосибирская область'),
('Екатеринбург',    'Свердловская область'),
('Казань',          'Республика Татарстан'),
('Нижний Новгород', 'Нижегородская область'),
('Краснодар',       'Краснодарский край'),
('Владивосток',     'Приморский край');

-- 2. Покупатели
INSERT INTO customers (name, email, city_id) VALUES
('Иван Петров',    'ivan@mail.ru',     1),
('Мария Сидорова', 'maria@gmail.com',  1),
('Алексей Козлов', 'alex@yandex.ru',   2),
('Елена Новикова', 'elena@mail.ru',    3),
('Дмитрий Морозов','dmitry@gmail.com', 4),
('Анна Волкова',   'anna@yandex.ru',   5),
('Сергей Соколов', 'sergey@mail.ru',   1),
('Ольга Лебедева', 'olga@gmail.com',   2),
('Николай Кузнецов','nikolay@mail.ru', 6),
('Татьяна Попова', 'tatyana@mail.ru',  7),
('Павел Васильев', 'pavel@gmail.com',  1),
('Юлия Зайцева',   'yulia@yandex.ru',  4);

-- 3. Продавцы
INSERT INTO sellers (company_name, city_id, rating) VALUES
('ТехноМир',    1, 4.70),
('МодаСтиль',   1, 4.50),
('ДомУют',      2, 4.20),
('СпортЛайф',   3, 4.80),
('КнигоМания',  5, 4.90),
('ДетскийМир+', 1, 4.30),
('ЭкоПродукт',  7, 4.10),
('ГаджетПро',   4, 4.60);

-- 4. Склады
INSERT INTO warehouses (name, city_id) VALUES
('Склад Москва-1',    1),
('Склад Москва-2',    1),
('Склад СПб',         2),
('Склад Новосибирск', 3),
('Склад Екатеринбург',4),
('Склад Краснодар',   7);

-- 5. Курьеры
INSERT INTO couriers (name, city_id, rating) VALUES
('Артём Быков',     1, 4.80),
('Руслан Орлов',    1, 4.50),
('Виталий Медведев',2, 4.70),
('Тимур Хасанов',   5, 4.90),
('Андрей Фёдоров',  1, 4.60),
('Денис Григорьев', 3, 4.40),
('Кирилл Макаров',  4, 4.30),
('Максим Степанов', 7, 4.70);

-- 6. ПВЗ
INSERT INTO pickup_points (name, city_id, address) VALUES
('ПВЗ Тверская',   1, 'Москва, ул. Тверская, д. 15'),
('ПВЗ Арбат',      1, 'Москва, ул. Арбат, д. 25'),
('ПВЗ Невский',    2, 'СПб, Невский пр., д. 80'),
('ПВЗ Ленина НСК', 3, 'Новосибирск, ул. Ленина, д. 20'),
('ПВЗ Малышева',   4, 'Екатеринбург, ул. Малышева, д. 40'),
('ПВЗ Баумана',    5, 'Казань, ул. Баумана, д. 10'),
('ПВЗ Минина',     6, 'Нижний Новгород, ул. Минина, д. 5'),
('ПВЗ Красная',    7, 'Краснодар, ул. Красная, д. 50');

-- 7. Расписание ПВЗ (Пн-Вс для первых 3)
INSERT INTO pickup_point_schedule (point_id, day_of_week, open_time) VALUES
(1,1,'09:00'),(1,2,'09:00'),(1,3,'09:00'),(1,4,'09:00'),(1,5,'09:00'),(1,6,'09:00'),(1,7,'10:00'),
(2,1,'10:00'),(2,2,'10:00'),(2,3,'10:00'),(2,4,'10:00'),(2,5,'10:00'),(2,6,'10:00'),(2,7,'10:00'),
(3,1,'09:00'),(3,2,'09:00'),(3,3,'09:00'),(3,4,'09:00'),(3,5,'09:00'),(3,6,'09:00'),(3,7,'09:00');

-- 8. Категории
INSERT INTO categories (name) VALUES
('Электроника'),
('Одежда'),
('Дом и сад'),
('Спорт'),
('Книги'),
('Детские товары'),
('Продукты');

-- 9. Подкатегории
INSERT INTO subcategories (category_id, name) VALUES
(1,'Смартфоны'),(1,'Ноутбуки'),(1,'Наушники'),(1,'Планшеты'),(1,'Аксессуары'),
(2,'Футболки'),(2,'Джинсы'),(2,'Куртки'),(2,'Платья'),(2,'Обувь'),
(3,'Мебель'),(3,'Посуда'),(3,'Декор'),(3,'Инструменты'),
(4,'Тренажёры'),(4,'Спортивная одежда'),(4,'Мячи'),
(5,'Художественная'),(5,'Учебная'),(5,'Детская литература'),
(6,'Игрушки'),(6,'Детская одежда'),(6,'Коляски'),
(7,'Чай и кофе'),(7,'Сладости'),(7,'Здоровое питание');

-- 10. Товары (с ценой и остатком)
INSERT INTO products (name, seller_id, subcategory_id, price, stock_qty) VALUES
('iPhone 15 Pro',          1,  1, 129990.00, 150),
('Samsung Galaxy S24',     1,  1,  79990.00, 200),
('MacBook Air M3',         8,  2, 149990.00,  50),
('AirPods Pro 2',          1,  3,  24990.00, 300),
('iPad Air',               8,  4,  59990.00,  80),
('Чехол для iPhone 15',    8,  5,   2990.00, 500),
('Футболка хлопок',        2,  6,   1290.00,1000),
('Джинсы Slim Fit',        2,  7,   3990.00, 400),
('Куртка зимняя',          2,  8,  12990.00, 150),
('Платье летнее',          2,  9,   2490.00, 300),
('Кроссовки беговые',      2, 10,   5990.00, 250),
('Стол обеденный',         3, 11,  24990.00,  20),
('Набор посуды',           3, 12,   4990.00, 100),
('Ваза декоративная',      3, 13,   1990.00, 200),
('Набор инструментов',     3, 14,   6990.00,  80),
('Беговая дорожка',        4, 15,  34990.00,  15),
('Спортивный костюм',      4, 16,   3490.00, 200),
('Мяч футбольный',         4, 17,   2990.00, 150),
('Мастер и Маргарита',     5, 18,    590.00, 500),
('Python для начинающих',  5, 19,   1290.00, 300),
('Гарри Поттер. Комплект', 5, 20,   4990.00, 100),
('Конструктор LEGO City',  6, 21,   3990.00, 200),
('Комбинезон детский',     6, 22,   4990.00, 150),
('Коляска прогулочная',    6, 23,  15990.00,  40),
('Чай зелёный Сенча',      7, 24,    490.00, 800),
('Шоколад горький 85%',    7, 25,    290.00, 600),
('Протеиновые батончики',  7, 26,   1490.00, 400),
('Xiaomi Redmi Note 13',   8,  1,  19990.00, 350),
('Ноутбук Lenovo IdeaPad', 1,  2,  54990.00,  70),
('Фитнес-браслет Mi Band', 8,  5,   3490.00, 600);

-- 11. Изображения товаров
INSERT INTO product_images (product_id, url) VALUES
(1,  '/img/iphone15pro.jpg'),
(2,  '/img/samsung_s24.jpg'),
(3,  '/img/macbook_air.jpg'),
(4,  '/img/airpods_pro.jpg'),
(7,  '/img/tshirt.jpg'),
(8,  '/img/jeans.jpg'),
(9,  '/img/jacket.jpg'),
(10, '/img/dress.jpg'),
(11, '/img/sneakers.jpg'),
(12, '/img/table.jpg'),
(16, '/img/treadmill.jpg'),
(19, '/img/master_margarita.jpg'),
(20, '/img/python_book.jpg'),
(21, '/img/harry_potter.jpg'),
(22, '/img/lego_city.jpg'),
(28, '/img/xiaomi_note13.jpg');

-- 12. Промокоды
INSERT INTO promo_codes (code, discount_pct, valid_to) VALUES
('WELCOME10', 10, '2025-12-31'),
('VIP20',     20, '2025-12-31'),
('FIRST15',   15, '2025-12-31'),
('SUMMER30',  30, '2025-08-31');

-- 13. Корзина
INSERT INTO cart_items (customer_id, product_id, quantity) VALUES
(2, 10, 1),
(2,  7, 2),
(5, 20, 1),
(5, 30, 1),
(8, 19, 1),
(11, 1, 1),
(12,22, 1);

-- 14. Заказы
INSERT INTO orders (customer_id, order_date, status) VALUES
(1,  '2025-03-01 10:00', 'delivered'),
(1,  '2025-03-15 14:00', 'delivered'),
(3,  '2025-03-10 09:00', 'delivered'),
(6,  '2025-03-20 18:00', 'delivered'),
(9,  '2025-03-25 11:00', 'delivered'),
(10, '2025-04-01 16:00', 'delivered'),
(2,  '2025-04-02 12:00', 'delivered'),
(4,  '2025-04-03 10:00', 'delivered'),
(1,  '2025-04-10 08:00', 'at_pickup'),
(3,  '2025-04-10 09:00', 'in_transit'),
(7,  '2025-04-11 14:00', 'shipped'),
(5,  '2025-04-12 10:00', 'assembling'),
(6,  '2025-04-13 20:00', 'confirmed'),
(11, '2025-04-14 09:00', 'pending'),
(12, '2025-04-14 11:00', 'pending'),
(8,  '2025-03-05 15:00', 'cancelled'),
(4,  '2025-03-12 10:00', 'returned'),
(9,  '2025-04-05 13:00', 'delivered'),
(6,  '2025-04-08 17:00', 'delivered'),
(2,  '2025-04-13 15:00', 'confirmed');

-- 15. Детали доставки
INSERT INTO order_delivery (order_id, delivery_type, pickup_point_id, courier_id) VALUES
(1,  'pickup',  1, NULL),
(2,  'courier', NULL, 1),
(3,  'pickup',  3, NULL),
(4,  'pickup',  6, NULL),
(5,  'courier', NULL, 4),
(6,  'pickup',  8, NULL),
(7,  'courier', NULL, 2),
(8,  'pickup',  4, NULL),
(9,  'pickup',  1, NULL),
(10, 'courier', NULL, 3),
(11, 'pickup',  2, NULL),
(12, 'courier', NULL, 7),
(13, 'pickup',  6, NULL),
(14, 'courier', NULL, 1),
(15, 'pickup',  5, NULL),
(16, 'pickup',  3, NULL),
(17, 'courier', NULL, 6),
(18, 'courier', NULL, 4),
(19, 'pickup',  6, NULL),
(20, 'pickup',  1, NULL);

-- 16. Позиции заказов
INSERT INTO order_items (order_id, product_id, quantity) VALUES
(1,  1,  1),
(2,  4,  1),
(3,  3,  1),
(4,  19, 1),
(5,  16, 1),
(6,  21, 1),
(7,  7,  2),
(7,  8,  1),
(7,  6,  1),
(8,  15, 1),
(9,  13, 1),
(10, 2,  1),
(11, 9,  1),
(12, 28, 1),
(13, 22, 1),
(14, 1,  1),
(15, 29, 1),
(16, 24, 1),
(17, 8,  1),
(18, 5,  1),
(19, 10, 1),
(19, 25, 1),
(19, 26, 2),
(20, 11, 1);

-- 17. Лог доставки
INSERT INTO delivery_log (order_id, status, created_at) VALUES
(1, 'Заказ подтверждён',  '2025-03-01 10:10'),
(1, 'Собран на складе',   '2025-03-02 08:00'),
(1, 'Отправлен в ПВЗ',    '2025-03-02 14:00'),
(1, 'Прибыл в ПВЗ',       '2025-03-03 10:00'),
(1, 'Выдан покупателю',   '2025-03-04 14:00'),
(2, 'Заказ подтверждён',  '2025-03-15 14:10'),
(2, 'Передан курьеру',    '2025-03-16 09:00'),
(2, 'Доставлен',          '2025-03-16 11:00'),
(10,'Заказ подтверждён',  '2025-04-10 09:10'),
(10,'Передан курьеру',    '2025-04-11 09:00'),
(10,'В пути',             '2025-04-11 12:00'),
(16,'Заказ подтверждён',  '2025-03-05 15:10'),
(16,'Отменён покупателем','2025-03-05 16:00');

-- 18. Отзывы
INSERT INTO reviews (product_id, customer_id, rating) VALUES
(1,  1,  5),
(4,  1,  4),
(3,  3,  5),
(19, 6,  5),
(16, 9,  5),
(21, 10, 5),
(7,  2,  4),
(8,  2,  3),
(15, 4,  5),
(13, 1,  4),
(2,  3,  4),
(5,  9,  5),
(10, 6,  5),
(11, 2,  4),
(28, 12, 4),
(20, 5,  5);
